Block No,Threads,Block Size,Seq. Time,iBTM Time,TPS_Seq,TPS_iBTM,Speedup
14000011,16,99,10.491303,4.148922,9436.387453493622,23861.619958148163,2.5286816671896943
14000018,16,115,4.903655,1.306724,23451.894556203486,88006.34257884603,3.7526325375519236
14000022,16,339,18.3338,3.360064,18490.43842520372,100890.93541075409,5.45638416411116
14000059,16,129,9.284734,2.433232,13893.774447388583,53015.906415828824,3.815803014262512
14000066,16,95,12.56025,4.74926,7563.543719273103,20003.11627495652,2.6446751704476066
14000090,16,254,13.254792,2.485404,19162.880866029434,102196.66500898848,5.333053298377246
14000101,16,73,5.297919,1.651877,13778.995111099282,44192.15232126848,3.2072115538868813
14000103,16,347,17.441006,3.547914,19895.641340872193,97803.9490246945,4.915848016609197
14000114,16,408,22.424177,5.991534,18194.647678708567,68096.0835739228,3.742643703599112
14000123,16,13,1.348639,1.297708,9639.347519981255,10017.661908534123,1.0392468875895038
14000166,16,65,3.950893,1.797323,16451.976806256203,36164.89634862515,2.198209781992441
14000176,16,70,5.843621,1.557552,11978.87405771182,44942.31974277584,3.75179833482285
14000208,16,218,11.381832,3.218484,19153.331379342097,67733.75290975503,3.5363953960933157
14000214,16,468,19.979621,5.992202,23423.867750043904,78101.50592386573,3.334270273265154
14000216,16,99,5.799844,1.797881,17069.42462590373,55064.82353392688,3.225933195801057
14000243,16,192,18.491681,7.686997,10383.047382225554,24977.24403951244,2.4055793179052887
14000255,16,244,15.238993,4.880407,16011.556669131614,49995.830265795455,3.122484046924775
14000259,16,72,3.683948,1.536959,19544.24981025791,46845.75190359665,2.3969071393576535
14000261,16,72,2.874517,2.154092,25047.68627216329,33424.75623139588,1.334444861222269
14000302,16,62,4.250933,2.272846,14585.033450303732,27278.574967243712,1.8703128148585517
14000315,16,333,9.07004,2.406723,36714.281304161836,138362.41229256545,3.76862646843862
14000334,16,36,1.090778,1.085027,33003.96597657819,33178.897852311515,1.005300328931907
14000351,16,272,14.130594,6.922272,19249.013877265174,39293.45740820355,2.0413231378368257
14000366,16,397,15.818554,3.005008,25097.11064614376,132112.793044145,5.264063856069601
14000394,16,52,3.528606,1.617436,14736.697721423134,32149.649197866253,2.181604712643962
14000408,16,224,5.227402,1.950615,42851.11418635873,114835.5774973534,2.6798737833965185
14000411,16,53,2.320106,2.312428,22843.783861599426,22919.632524774825,1.0033203195948155
14000423,16,286,12.011947,3.093833,23809.62886366382,92441.96438527871,3.8825453733281656
14000451,16,188,7.652767,2.420395,24566.27779207181,77673.27233777958,3.1617843368541085
14000493,16,95,5.141095,1.544105,18478.553693327976,61524.31343723387,3.329498317795746
14000494,16,80,3.311671,1.314846,24156.989024574,60843.627314529615,2.518675951404195
14000529,16,277,16.341009,14.621924,16951.217639008704,18944.155365600313,1.117569001179325
14000554,16,28,0.8505510000000001,0.8473869999999999,32919.836670581775,33042.753783100285,1.0037338311774906
14000559,16,627,12.449233,6.643084,50364.54856295163,94383.87351416903,1.874014087432885
14000589,16,313,13.346878,3.14479,23451.1771217209,99529.69832643833,4.244123772970532
14000595,16,318,17.282717,3.591942,18399.884694055912,88531.49633262453,4.811524517934867
14000608,16,22,2.332199,2.319042,9433.157290608562,9486.675963609112,1.005673463438782
14000638,16,25,2.13871,2.154173,11689.289337965407,11605.381740463741,0.9928218392858884
14000659,16,148,8.677621,3.038412,17055.365750589935,48709.6549118421,2.855972461930772
14000682,16,77,3.728494,1.102983,20651.769856676718,69810.68611211596,3.380373042920879
14000690,16,117,6.100933,1.356105,19177.39467061841,86276.5051378765,4.498864763421712
14000713,16,120,7.130193,1.837982,16829.838967893294,65288.99630137836,3.8793595367092824
14000720,16,473,9.251408,3.368399,51127.3527229585,140422.7943304816,2.7465297311868335
14000743,16,30,1.420649,1.414211,21117.109152225497,21213.24187126249,1.004552361705573
14000778,16,75,4.674985,1.268499,16042.832222991088,59124.99733937512,3.685446342488248
14000787,16,101,3.536149,1.2331,28562.144864370817,81907.38788419431,2.8676903738545128
14000798,16,338,14.696553,22.559261,22998.590213637173,14982.760295206479,0.6514642922035434
14000816,16,162,9.163739,2.605118,17678.373423773857,62185.2829699077,3.5175907578850554
14000826,16,81,5.826905,1.557401,13901.033224327493,52009.72646094358,3.741428829184006
14000831,16,39,3.662913,1.048727,10647.263530419641,37187.943096725845,3.492723082365573
14000840,16,0,869.0,869.0,0.0,0.0,1.0
14000868,16,149,6.076481,1.550513,24520.77115027596,96097.22717577987,3.91901325561282
14000907,16,332,25.25895,11.844978,13143.855940171703,28028.756153029582,2.1324606934685737
14000998,16,42,3.432882,3.414025,12234.6180264862,12302.19462364804,1.0055233924766223
14001019,16,200,19.242974,13.516892,10393.403847035286,14796.300806427986,1.4236241585713638
14001020,16,4,0.497398,0.495048,8041.849786287841,8080.024563274673,1.0047470144309238
14001033,16,352,17.82841,7.262046,19743.768513288618,48471.18842265665,2.455011989734023
14001065,16,346,23.093529,5.383145,14982.552038711796,64274.694439774525,4.289969711014658
14001079,16,144,12.194703,4.475698,11808.405665968248,32173.752563287333,2.724648311838734
14001126,16,125,5.135229,1.273303,24341.660323229986,98169.87786881832,4.0329984300673125
14001137,16,153,10.510064,1.991883,14557.475577693915,76811.74044861068,5.276446457949588
14001155,16,61,5.484993,2.186078,11121.253937789892,27903.85338492039,2.5090564014641745
14001168,16,95,6.789392,1.430995,13992.41640488574,66387.37382031383,4.744525312806823
14001171,16,17,1.453178,1.452836,11698.498050479706,11701.251896291114,1.000235401655796
14001175,16,6,0.032299,0.031908,185764.26514752777,188040.616773223,1.012253980193055
14001176,16,88,5.722158,1.289838,15378.81337775014,68225.62213239181,4.436338516930033
14001193,16,506,16.600336,6.131519,30481.310739734425,82524.41197686903,2.7073774051748023
14001207,16,142,14.770493,3.654077,9613.761707209096,38860.70271644522,4.042195334143205
14001234,16,32,1.092365,1.088378,29294.23773189364,29401.54982919537,1.0036632493490312
14001243,16,176,11.327534,2.142623,15537.362324403528,82142.30874960271,5.286760199997853
14001260,16,139,4.944808,1.485945,28110.292654436733,93543.16613333602,3.3277193974204966
14001262,16,26,1.475489,1.467839,17621.276742828988,17713.114312945767,1.0052117432497707
14001274,16,166,9.272539,1.738777,17902.324271701636,95469.40176917454,5.332793681996024
14001316,16,299,18.375676,3.34355,16271.510229065861,89425.9095871155,5.495857995244575
14001338,16,129,12.748053,2.865256,10119.192319015303,45022.155088410946,4.449184645281259
14001370,16,242,25.781521,3.637776,9386.567999614917,66524.1620154732,7.087165619873241
14001412,16,128,10.227612,2.104716,12515.140386631796,60815.80602798668,4.859378652511788
14001420,16,64,5.122419,1.57331,12494.097027205311,40678.56938556292,3.2558230736472784
14001423,16,200,19.125318,3.77004,10457.342460920128,53049.83501501311,5.072974822548302
14001434,16,12,0.664361,0.663876,18062.46904920668,18075.66473257054,1.0007305581162746
14001438,16,68,4.145918,1.281178,16401.675093429247,53076.15335261767,3.2360202875790876
14001544,16,190,12.764887,3.247779,14884.5814302939,58501.51749857364,3.930343474725343
14001577,16,44,2.541606,2.581189,17311.88862475144,17046.407682660974,0.9846648191976642
14001592,16,175,13.913181,2.524366,12578.000674324585,69324.33727914256,5.511554584398617
14001593,16,163,11.13614,2.207691,14637.028629309618,73832.79634695254,5.044247587184982
14001595,16,313,19.926537,3.327243,15707.696726229951,94071.8787296269,5.988903425448637
14001621,16,330,18.755987,3.341043,17594.381996532626,98771.55127904669,5.613811914423131
14001668,16,104,5.143909,1.368309,20218.087061804556,76006.22374039782,3.7593182534062115
14001675,16,692,9.166755,8.969614,75490.18164006782,77149.36228024974,1.0219787607359692
14001699,16,29,2.404749,2.391287,12059.470655773222,12127.36070576221,1.0056296044765851
14001720,16,95,14.987202,7.533547,6338.741547621764,12610.261806291246,1.9893951680397028
14001749,16,314,18.955729,3.610033,16564.91290838775,86979.81431194674,5.250846460406318
14001761,16,0,888.0,891.0,0.0,0.0,0.9966329966329966
14001768,16,55,6.207228,1.746109,8860.63795304442,31498.606329845392,3.554891475847155
14001780,16,118,11.47442,3.640616,10283.74418924878,32412.097293425068,3.1517798086917157
14001819,16,154,10.256811,3.912498,15014.413349334407,39361.04248487795,2.621550477469893
14001833,16,234,19.111863,9.235427,12243.704342166957,25337.215052428004,2.0694076191604354
14001845,16,153,10.498813,1.805405,14573.076022975167,84745.52801172037,5.815212099224274
14001847,16,63,4.541728,1.350618,13871.372305871246,46645.31347871863,3.3627035919852983
14001868,16,35,1.917979,1.906949,18248.374982207835,18353.925563819485,1.0057841085419694
14001973,16,131,11.607448,3.111826,11285.85714965081,42097.469460053355,3.730108302970667
14001978,16,138,8.557518,1.725776,16126.171163180727,79964.02777649011,4.9586493264479286
14001986,16,180,17.041415,3.121176,10562.503172418486,57670.57032349345,5.459934012051868
14001990,16,164,16.872521,5.493865,9719.946414646633,29851.479786998767,3.071156826751294
14001994,16,336,21.867421,3.612767,15365.323601717824,93003.50673043681,6.05281796473451
14002005,16,188,17.862964,5.360427,10524.569158847322,35071.83289689423,3.3323770662299856
14002015,16,65,7.453904,1.718625,8720.262563081038,37820.93243144956,4.337132300530947
14002070,16,286,26.182098,9.026009,10923.494366265071,31686.20815689415,2.9007391860566503
14002074,16,91,7.833102,1.985182,11617.364359611302,45839.62578745929,3.9457853234615268
14002079,16,395,27.377352,18.518845,14427.984123519325,21329.623958729608,1.4783509446728453
14002090,16,220,12.822799,2.229458,17156.940540049018,98678.6923099695,5.751531986698112
14002174,16,141,13.537791,4.76802,10415.288579946315,29572.02360728353,2.8392898939182305
14002190,16,26,1.977283,1.975984,13149.356971156887,13158.001279362585,1.0006573939869958
14002194,16,225,17.400164,3.497321,12930.912605191537,64334.95810078629,4.975283652830266
14002224,16,49,1.6856,1.682307,29069.767441860466,29126.669508002997,1.0019574310753032
14002247,16,0,896.0,905.0,0.0,0.0,0.9900552486187846
14002282,16,151,10.506855,2.007648,14371.569798955064,75212.38782894213,5.233414921340793
14002297,16,46,5.448002,2.114083,8443.462392267846,21758.842959335085,2.5770047817422497
14002328,16,225,15.644364,3.08435,14382.176226531165,72948.91954544718,5.072175336780845
14002394,16,29,6.191724,6.190267,4683.671300594148,4684.773693929518,1.0002353694921398
14002402,16,197,7.955015,2.211673,24764.252487267462,89072.84214257714,3.5968314484103217
14002427,16,71,6.524262,1.953685,10882.456897040614,36341.58014214165,3.3394646526947795
14002462,16,394,23.956374,9.24758,16446.562405479228,42605.741177691896,2.590556015736009
14002477,16,383,25.984161,8.897525,14739.748572216744,43045.6784330474,2.9203807800483843
14002496,16,74,9.86552,3.009809,7500.871722929962,24586.277733902716,3.2777893879644853
14002514,16,476,18.840115,5.134361,25265.2385614419,92708.71292454893,3.6694176743707736
14002523,16,79,7.009019,2.184572,11271.192159701664,36162.68999144912,3.2084174840655284
14002531,16,410,22.210958,5.117214,18459.356863400488,80121.7224841486,4.340439543861172
14002536,16,64,3.963857,1.301509,16145.890227624255,49173.68992454144,3.04558554723786
14002538,16,71,6.71278,1.635685,10576.839997735662,43406.89069105604,4.103956446381791
14002541,16,249,17.200996,3.902823,14475.905930098466,63799.97248145765,4.407321572103065
14002678,16,149,7.355399,8.615323,20257.22873769322,17294.76654560717,0.8537577755355197
14002685,16,12,0.680879,0.678851,17624.27685389034,17676.927632131352,1.0029874007698303
14002720,16,306,18.028208,3.797558,16973.40079502078,80578.09781970414,4.747316038359387
14002741,16,422,19.386174,4.309349,21768.091011666358,97926.62418383843,4.498631695877962
14002780,16,244,17.28516,3.072067,14116.155129602503,79425.35107469987,5.626556972878522
14002794,16,333,21.902646,3.771474,15203.642518808001,88294.39099938114,5.807449819354449
14002806,16,251,4.371029,3.859267,57423.54946626984,65038.257264915854,1.1326060104159676
14002827,16,96,7.850518,2.210878,12228.492438333367,43421.663248718374,3.550859884625022
14002849,16,183,8.661476,2.454262,21128.03868532338,74564.16633594946,3.5291570337641214
14002875,16,136,11.298072,2.865563,12037.452053766343,47460.13261617351,3.9427058487285045
14002887,16,165,10.614918,2.127567,15544.161528143695,77553.37434731786,4.9892285413338335
14002933,16,347,22.483744,3.967152,15433.372662488951,87468.28959414714,5.667477323782905
14003024,16,144,10.023077,2.252052,14366.845630338867,63941.685183113,4.450641903472922
14003042,16,407,23.543803,4.336752,17286.926840154072,93849.03725184193,5.42890232136862
14003053,16,25,0.5066080000000001,0.508207,49347.81922117297,49192.553428032275,0.9968536442827433
14003065,16,191,9.878175,2.263877,19335.555403705643,84368.54122375023,4.363388558654027
14003070,16,77,4.976269,1.215223,15473.440041123178,63362.85603547662,4.094943068062405
14003088,16,321,23.817453,4.640307,13477.511638209175,69176.45750593657,5.1327321662122785
14003091,16,274,23.946749,10.379252,11442.054201177789,26398.81949103847,2.30717483302265
14003093,16,38,5.5312,2.109054,6870.118599942146,18017.55668655236,2.622597619596274
14003105,16,98,5.639424,2.5853,17377.661264696537,37906.6259234905,2.181342203999536
14003132,16,755,18.957226,13.263697,39826.502042018175,56922.28946424213,1.429256563988155
14003172,16,84,7.94488,1.860494,10572.846915246046,45149.299057132135,4.270306703488428
14003222,16,267,21.17652,3.985707,12608.303913957534,66989.36976551462,5.313115088489947
14003237,16,168,15.204317,3.258648,11049.493377440105,51555.123474520726,4.66583595405211
14003248,16,24,2.265345,2.260733,10594.412771564597,10616.02586417768,1.0020400463035661
14003316,16,504,22.01815,5.144306,22890.206488737702,97972.39899803782,4.280101144838584
14003351,16,94,7.646923,1.710136,12292.5260264815,54966.388638096614,4.471529164931912
14003391,16,96,8.334396,1.905089,11518.531156906873,50391.346546014385,4.374806636330376
14003395,16,305,27.00841,8.233268,11292.778804824127,37044.82837191744,3.2803997149127175
14003409,16,261,13.889915,2.863746,18790.611749603937,91139.3678070611,4.85026081223684
14003410,16,8,0.567075,0.564867,14107.481373715998,14162.625892466722,1.003908884746321
14003412,16,83,4.947055,1.276493,16777.65862720346,65021.89984590593,3.8755049968938327
14003414,16,691,22.082487,11.946884,31291.76527987993,57839.34957433251,1.8483888351138253
14003430,16,428,23.773215,5.936208,18003.4547283571,72099.89946443925,4.004781335155372
14003485,16,211,15.228779,3.882061,13855.345855370284,54352.571997194274,3.922859275008816
14003500,16,120,9.506753,2.549592,12622.606267355426,47066.35414607513,3.728735028977185
14003518,16,343,25.563214,9.308393,13417.718132000147,36848.46568038114,2.7462542675196455
14003541,16,102,8.961772,1.805889,11381.677641430735,56481.876793091935,4.962526489723344
14003549,16,110,7.526743,1.639159,14614.55506053548,67107.5838280484,4.591832152951604
14003561,16,169,7.800121,1.920073,21666.330560769507,88017.48683513596,4.062408564674364
14003570,16,75,4.770546,1.212414,15721.470875660772,61860.057703061815,3.9347500111348106
14003573,16,383,34.078906,11.67483,11238.623681170984,32805.61686979596,2.919006615085616
14003587,16,133,11.151979,3.342782,11926.134365927337,39787.21914860137,3.3361370858165444
14003601,16,137,4.335443,1.55257,31600.000276788327,88240.78785497593,2.7924299709513902
14003611,16,35,2.387815,2.381971,14657.75196152131,14693.713735389725,1.0024534303734176
14003613,16,10,1.233521,1.230602,8106.874548548423,8126.104134399262,1.0023720097968312
14003618,16,56,4.736451,1.237284,11823.198424305456,45260.425254024136,3.8281033295508546
14003664,16,80,4.210868,1.360396,18998.458275110977,58806.406369909935,3.095325184725624
14003666,16,328,20.182561,3.671159,16251.654088893874,89345.08148516587,5.497599259525398
14003673,16,378,23.604177,5.602076,16014.11478993739,67474.98605873965,4.2134696137646115
14003679,16,309,18.410602,3.502598,16783.80750395886,88220.2296695196,5.2562703456120285
14003681,16,67,2.925339,1.25495,22903.328468939835,53388.581218375235,2.3310402804892627
14003688,16,227,18.128606,3.088102,12521.646727828933,73507.93464723638,5.870468656799549
14003704,16,82,1.674612,1.665531,48966.566583781794,49233.54773942965,1.0054523152075825
14003719,16,280,22.952827,3.830087,12198.933055174424,73105.38898985846,5.992769093756878
14003730,16,279,16.973962,3.03139,16436.940297144534,92036.98633300235,5.599398955594628
14003766,16,263,20.65297,3.715697,12734.245970434276,70780.79832666657,5.558303058618612
14003807,16,0,900.0,899.0,0.0,0.0,1.0011123470522802
14003812,16,87,7.658856,1.726474,11359.398844944988,50391.72324633907,4.436125884316821
14003819,16,166,11.393788,3.439517,14569.342522434154,48262.59035789037,3.3126127883653433
14003839,16,187,9.831955,2.10231,19019.615122323077,88949.77429589357,4.67673892052076
14003842,16,89,8.903266,2.626217,9996.331683227256,33889.05029553917,3.39014864346701
14003925,16,181,7.722507,2.416239,23437.984581949877,74909.80817708843,3.196085734896258
14003951,16,33,1.399287,1.392412,23583.439280147675,23699.881931497286,1.0049374754023952
14003960,16,72,5.018777,1.518967,14346.124563813055,47400.63477350068,3.3040724387034084
14003979,16,49,2.898451,2.88357,16905.581636536204,16992.82486639825,1.0051606168742218
14004016,16,201,17.416821,15.208598,11540.567592673773,13216.208357930165,1.145195697854595
14004037,16,173,10.577065,4.658513,16356.144166647364,37136.313669190145,2.270480945314524
14004047,16,245,13.951306,5.307898,17561.079944773628,46157.6315143961,2.628405067316667
14004069,16,28,2.023364,2.015126,13838.340506206494,13894.912774685057,1.0040880818370663
14004076,16,207,15.335842,4.990862,13497.791643914956,41475.80117422602,3.0727842204412785
14004139,16,245,11.824024,2.579104,20720.526277686855,94994.23055448713,4.584547191582813
14004153,16,176,12.366704,6.48578,14231.76296610641,27136.288927469017,1.9067412092300386
14004219,16,187,13.895822,6.274435,13457.282339972402,29803.48031336686,2.214673034305081
14004221,16,405,29.161055,12.782249,13888.386411259811,31684.565055805124,2.281371220354102
14004227,16,38,3.48296,3.477641,10910.260238417897,10926.947318599015,1.0015294850733585
14004236,16,181,13.992815,2.505553,12935.209963113211,72239.54153035278,5.584721217232284
14004264,16,469,20.081765,5.717565,23354.52088001229,82027.9262238383,3.512293257706734
14004267,16,60,3.811186,1.350756,15743.130878419473,44419.56948553254,2.821520689154814
14004274,16,443,28.631859,6.75009,15472.275132397097,65628.75457956857,4.2417003328844505
14004292,16,115,9.053941,2.68107,12701.651137333456,42893.32244215928,3.3769879190024876
14004313,16,190,13.389827,2.653856,14189.877135828567,71593.9372746675,5.045423338719207
14004318,16,0,0.0010509999999999999,879.0,0.0,0.0,1.1956769055745164e-06
14004321,16,66,4.660357,1.415527,14162.005185439655,46625.744334089,3.292312333145182
14004354,16,337,30.129841,8.808965,11184.924606804265,38256.48075568469,3.420361075336319
14004401,16,119,7.895141,2.084498,15072.561718657083,57088.0854766951,3.7875502878870595
14004429,16,47,1.864959,1.857506,25201.62641645205,25302.74464793115,1.004012369273639
14004462,16,98,5.290754,1.374225,18522.87972564969,71312.92182866707,3.849991085884771
14004483,16,388,23.402508,4.413878,16579.419607505315,87904.55921074393,5.302028737541001
14004522,16,690,18.894474,7.675402,36518.61385503508,89897.57148876372,2.4616917784892567
14004524,16,118,6.887878,1.844365,17131.546174307965,63978.65932177199,3.734552542473968
14004529,16,192,11.560023,3.450735,16608.963494276784,55640.32010571661,3.3500176049450334
14004558,16,340,33.455259,13.776616,10162.826717318194,24679.500394000966,2.428409051976189
14004559,16,99,5.659539,1.638295,17492.59082762748,60428.67737495383,3.4545298618380693
14004565,16,100,15.286402,21.548616,6541.761756625267,4640.6692661839625,0.7093913595193306
14004574,16,472,39.321072,11.818182,12003.74191222457,39938.460924023675,3.3271675795820372
14004599,16,170,14.240737,8.190087,11937.584410132706,20756.8002635381,1.738777255968099
14004635,16,436,32.958662,10.22546,13228.692354076753,42638.66857823511,3.2231960224772283
14004651,16,106,5.747108,1.496826,18444.05916854181,70816.5144111607,3.8395297783443096
14004653,16,435,30.465861,9.373755,14278.276921174163,46406.162738411665,3.2501234563950097
14004713,16,132,6.787819,2.074687,19446.59985777464,63624.055098431716,3.271731591319558
14004715,16,81,3.550239,1.123744,22815.36538807669,72080.4738445767,3.159295177549335
14004782,16,373,22.93908,4.397078,16260.460314886212,84829.06148128372,5.2168917631208735
14004788,16,53,3.662253,3.649437,14471.965754414017,14522.788035524385,1.003511774555911
14004792,16,350,32.071466,9.175543,10913.127575770935,38144.8814527925,3.4953207673921862
14004794,16,207,22.16226,4.298994,9340.20266886139,48150.79993133277,5.155220035198932
14004810,16,137,5.887533,1.939966,23269.50863799829,70619.79436753015,3.0348640130806417
14004814,16,30,3.301321,3.304684,9087.271428619028,9078.023798947192,0.998982353532138
14004832,16,23,0.264612,0.2635,86919.7164149774,87286.5275142315,1.0042201138519924
14004833,16,205,18.558998,3.975893,11045.854954022841,51560.7437121673,4.6678816557689045
14004850,16,253,12.198602,2.681081,20740.081527375023,94364.92220861661,4.549881931952075
14004854,16,62,6.978518,2.088462,8884.40783558916,29686.917932909484,3.341462760634381
14004861,16,177,14.424049,4.637447,12271.172955665916,38167.552103560425,3.1103426087672807
14004890,16,322,18.245904,5.842223,17647.79645886551,55116.006355799844,3.123109816246316
14004892,16,154,5.949689,1.941849,25883.705854205153,79305.85745853565,3.063929790627387
14004894,16,88,11.236431,5.818733,7831.668258364244,15123.56727830612,1.9310786385970966
14004977,16,104,6.327955,1.620237,16435.009414573902,64188.14037699423,3.9055736907625245
14004983,16,185,13.263894,3.292338,13947.63860447015,56191.07151209869,4.028715763691334
21631009,16,177,14.012329,4.045325,12631.733097331644,43754.21010672814,3.4638326957661003
21631021,16,149,15.016732,7.153047,9922.265377047417,20830.28393354608,2.09934759271119
21631037,16,221,15.817987,3.391699,13971.436441312031,65159.083987110884,4.66373549067886
21631051,16,108,16.920792,8.076875,6382.679959661464,13371.508163739072,2.094967670045655
21631060,16,243,22.966351,5.311508,10580.696950943578,45749.71928875943,4.323885231839998
21631065,16,249,19.855166,4.689218,12540.81683326143,53100.53829870993,4.234216877952784
21631115,16,174,17.983042,3.765849,9675.782328707233,46204.72036982895,4.775295557522354
21631117,16,166,13.001286,2.403658,12767.967722577596,69061.40557433711,5.408958345987657
21631144,16,157,19.209315,3.689621,8173.118094008037,42551.795970372026,5.206311163124885
21631187,16,157,16.625103,7.055897,9443.550515145682,22250.89170094178,2.3561997857961927
21631212,16,139,11.637527,2.927362,11944.118368103464,47483.02396492132,3.9754314635497763
21631225,16,176,14.452401,4.290384,12177.90732487979,41021.96912910359,3.36855652081492
21631228,16,169,13.824806,2.662247,12224.403004280855,63480.21051390048,5.192908847300796
21631256,16,177,14.352511,3.211245,12332.336829423088,55118.80906003746,4.469453747689759
21631258,16,161,14.032991,3.156073,11472.963960427252,51012.76174537154,4.4463455059499575
21631269,16,147,10.92663,2.424345,13453.370343829709,60634.93438433886,4.507044170693527
21631299,16,69,2.742195,2.732028,25162.32434236077,25255.963701689732,1.003721411347175
21631322,16,182,12.230214,3.061541,14881.178694011405,59447.18689052343,3.994790205324704
21631328,16,162,19.658256,4.936258,8240.812409808885,32818.38185929504,3.982420691949246
21631329,16,133,10.921244,2.979874,12178.099857488762,44632.759640172706,3.665001943035175
21631341,16,116,11.507913,3.594104,10080.020591048959,32275.081633697853,3.2018864785214896
21631361,16,251,23.816902,4.759755,10538.734214886555,52733.80667702434,5.0038083892973475
21631375,16,215,22.640516,6.36678,9496.24999712904,33769.03238371672,3.5560386883165434
21631381,16,213,16.511389,3.048805,12900.186652982375,69863.43829795608,5.415692049835919
21631391,16,110,10.638167,2.792619,10340.127204244867,39389.54794764341,3.809387173832162
21631395,16,162,13.88029,3.252901,11671.225889372628,49801.70008248022,4.267049627394132
21631399,16,157,12.443009,2.412212,12617.526837760866,65085.48999839152,5.15833973133373
21631403,16,226,23.950774,6.463612,9436.02073152208,34964.97005080131,3.705478299130579
21631405,16,141,10.779986,2.461841,13079.794352237564,57274.210641548336,4.378831126786823
21631421,16,148,16.301062,5.660152,9079.163063118218,26147.707694068995,2.8799689478303767
21631449,16,204,17.751861,3.984476,11491.752892837545,51198.702163094975,4.455256098919909
21631466,16,172,16.298407,3.89488,10553.178602056016,44160.53896397321,4.1845723103150805
21631489,16,190,18.023474,5.481606,10541.807866785282,34661.37478687815,3.2879915119765997
21631499,16,148,17.954591,3.376711,8243.017064549118,43829.63185182268,5.317183199865195
21631525,16,239,23.364995,4.211029,10228.977151503777,56755.72407599188,5.5485238881043095
21631533,16,178,12.757642,3.232156,13952.42161521698,55071.59926686707,3.9470997068210822
21631557,16,302,31.594265,9.045898,9558.696807790906,33385.29795494046,3.4926620883852553
21631611,16,160,12.188251,5.848685,13127.39621131859,27356.576734770297,2.0839301484008796
21631640,16,133,11.835152,3.653236,11237.709494563313,36406.07943204326,3.2396352165586895
21631654,16,217,15.683951,3.540718,13835.79941049293,61287.00450021719,4.429596200544635
21631655,16,158,12.121495,3.552947,13034.695802786702,44470.12578572098,3.41167346431005
21631662,16,254,10.084904,2.706998,25186.159431958895,93830.87833829208,3.7254937018793512
21631673,16,175,11.777465,2.676455,14858.885167563649,65384.99619832951,4.400397167148336
21631707,16,188,14.149749,3.350068,13286.454763261172,56118.26386807671,4.2237199364311415
21631778,16,212,15.863331,4.514436,13364.154098530755,46960.46194917815,3.513912036852444
21631794,16,320,20.063696,5.141564,15949.204972005158,62237.87158926739,3.9022554226690556
21631795,16,188,14.094162,4.05579,13338.856187405821,46353.484771154326,3.4750719341977767
21631798,16,221,15.466528,4.578631,14288.921211017754,48267.7027259895,3.377980885552909
21631857,16,308,21.84039,7.435123,14102.312275559183,41425.00399791638,2.9374618281365352
21631902,16,116,10.529412,3.795429,11016.759530351743,30563.07995749624,2.774235007426038
21631908,16,205,21.311599,4.346383,9619.174985415219,47165.65475246889,4.903295222717372
21631918,16,108,7.915452,1.809316,13644.198714110073,59691.06557395171,4.374831151661733
21631922,16,158,20.564826,6.310382,7683.02148532645,25038.10387390177,3.2588876552956703
21631924,16,163,16.089648,6.269625,10130.737477911262,25998.365133480875,2.566285543393744
21631925,16,148,11.992526,3.746718,12341.019731789616,39501.23815029581,3.2008082807406373
21631937,16,154,13.488249,4.827372,11417.345572431233,31901.415511379684,2.794118414739945
21631938,16,289,21.01326,4.481235,13753.220585477933,64491.15031905267,4.689167160392168
21631940,16,156,12.392021,2.468004,12588.745613003723,63208.97372937806,5.021070063095522
21631971,16,134,8.122949,2.163464,16496.471909401374,61937.7073064308,3.7546032658736177
21631983,16,101,12.098973,7.89996,8347.815967520548,12784.874860125876,1.53152332416873
21631986,16,191,14.695938,2.695036,12996.788636424568,70871.03845737125,5.452965377827977
21632006,16,280,31.022329,9.23634,9025.756899167694,30315.03820777494,3.358725317604159
21632017,16,55,5.279462,1.780029,10417.728170029448,30898.373004035326,2.9659415661205517
21632033,16,178,19.513431,6.318668,9121.922228848427,28170.49416111117,3.088219067689583
21632051,16,139,11.020782,2.512528,12612.535117743913,55322.76655225335,4.386332013016372
21632053,16,107,20.820733,9.439822,5139.108214874087,11334.959493939612,2.2056277120479604
21632055,16,65,3.358912,3.351841,19351.504296629384,19392.327977371242,1.0021095869404306
21632080,16,173,11.582382,3.021257,14936.47852402036,57260.93476986566,3.8336301744604984
21632090,16,166,15.020597,2.831575,11051.491495311404,58624.61704175238,5.30467919797286
21632179,16,227,27.084587,4.412719,8381.150504528645,51442.20604121858,6.13784539645511
21632191,16,63,9.596363,8.008706,6564.987172744507,7866.439347380213,1.198241388808629
21632210,16,208,29.331911,9.481037,7091.252936094072,21938.528454218667,3.0937450196639884
21632220,16,173,20.272185,9.703817,8533.86055819834,17828.03612228054,2.0890939101592703
21632248,16,202,13.094786,3.410142,15425.987106623967,59235.06997655816,3.8399532922675945
21632264,16,148,7.074291,2.412642,20920.82443314814,61343.539571971305,2.9321760128523002
21632277,16,97,3.488742,1.168213,27803.718360371735,83032.80309327152,2.986392036383776
21632280,16,227,30.26208,9.710554,7501.13673613975,23376.62712137742,3.1164112778735387
21632289,16,228,17.926967,3.655586,12718.269632559706,62370.30123214171,4.903992684073088
21632301,16,146,12.425822,3.229595,11749.725692191632,45206.90674836938,3.847486139902991
21632302,16,161,15.053815,3.690416,10694.963369750458,43626.51798604819,4.079164787926348
21632321,16,191,16.042827,4.84591,11905.632342728622,39414.68165937873,3.3105911995889317
21632323,16,234,25.776478,10.787646,9078.043943784716,21691.479308831604,2.389444184579286
21632374,16,114,9.830082,4.78877,11597.054836368608,23805.69540821547,2.0527362976296626
21632388,16,215,15.614922,3.491129,13768.88081797655,61584.662153704434,4.472742771750915
21632427,16,298,24.312201,5.722606,12257.220150491516,52074.17739400546,4.248449220512473
21632465,16,183,17.715956,4.211094,10329.671173263245,43456.640958382784,4.206972344953591
21632495,16,244,19.773622,4.08728,12339.671507829977,59697.40267366073,4.837843749388346
21632496,16,179,13.63751,4.690469,13125.563244316594,38162.495051134545,2.9074938987977537
21632524,16,166,19.668178,9.7296,8440.029371302211,17061.33859562572,2.0214785808255225
21632539,16,202,22.883197,16.082103,8827.437879418685,12560.546341482826,1.422898298810796
21632612,16,131,15.951858,4.218817,8212.209511895104,31051.358710273522,3.7811211057507355
21632615,16,192,18.655243,3.993107,10292.01281377037,48082.85878640367,4.671861535390862
21632635,16,333,31.054043,5.958261,10723.241414974533,55888.790370210365,5.211930628752248
21632663,16,181,20.993125,9.492623,8621.870255143054,19067.437946287344,2.211519935006373
21632673,16,200,18.890754,4.099316,10587.189902531152,48788.62717585081,4.608269769883561
21632677,16,167,12.726504,2.409821,13122.221153586248,69299.75296920394,5.281099301566382
21632679,16,167,15.161876,4.240792,11014.4681304609,39379.43667126329,3.575246321913454
21632693,16,188,21.918842,5.525513,8577.095450571704,34023.99017068641,3.9668428976639816
21632751,16,225,19.752543,9.280489,11390.938371833945,24244.412120956127,2.1283946352395873
21632761,16,53,2.747161,2.784941,19292.644297148945,19030.92381490308,0.9864341829862824
21632835,16,181,14.550824,4.428361,12439.158084792998,40872.909864394525,3.2858260652191635
21632879,16,137,43.401351,29.939304,3156.5837662518848,4575.924677474132,1.4496446209972016
21632889,16,230,21.85113,4.272171,10525.77143607676,53836.7963267388,5.114760153561269
21632907,16,134,14.501066,3.392776,9240.699959575386,39495.681412507045,4.274100618490581
21632935,16,168,27.112388,11.936453,6196.429469805464,14074.532861646589,2.2713940229982894
21632952,16,129,9.738418,2.407803,13246.50471976044,53575.81164239765,4.044524406689417
21632980,16,170,17.542783,4.74735,9690.594702106275,35809.45158878111,3.6952790504176014
21632995,16,248,39.676779,17.405972,6250.507381156116,14247.983393285938,2.2794922914962754
21633042,16,248,20.36138,6.760225,12179.921007318757,36685.16950249437,3.011938212115721
21633064,16,131,12.511496,3.72002,10470.370609557804,35214.86443621271,3.3632872941543326
21633074,16,188,12.769547,3.531514,14722.526961997948,53234.95815109327,3.6158845752841415
21633101,16,203,23.187195,6.373809,8754.832139031909,31849.08741382116,3.637886701656733
21633103,16,175,16.453205,3.749068,10636.225586443492,46678.267772150306,4.388612049714756
21633114,16,209,23.618675,5.86173,8848.929925154565,35655.002874577985,4.029301076644608
21633122,16,130,15.454317,3.891776,8411.889053395242,33403.772467891264,3.9710191439589533
21633146,16,156,12.167926,4.254118,12820.590789260224,36670.35093995982,2.8602699784068046
21633163,16,243,26.278304,5.185898,9247.172115826044,46857.84409951758,5.067262024821931
21633186,16,199,15.61457,3.504834,12744.507213455125,56778.72332897935,4.455152512215985
21633207,16,161,12.30012,3.221745,13089.30319378998,49972.918402915195,3.8178440565594114
21633212,16,80,20.395407,15.56767,3922.451755927205,5138.855075936219,1.3101130098466887
21633243,16,237,20.566113,3.92458,11523.811038089696,60388.62757288678,5.240334761936309
21633254,16,141,21.183743,6.411535,6656.047517192783,21991.61355276077,3.3040048911844044
21633268,16,192,16.120491,3.388204,11910.3071984594,56667.19005113033,4.757827745909043
21633342,16,174,17.361995,4.592856,10021.889765548256,37884.923890494276,3.780217581391622
21633351,16,173,14.997051,3.409045,11535.60123253565,50747.3500643142,4.399194202481927
21633376,16,160,16.519351,4.110613,9685.610530341051,38923.6349906936,4.018707428794683
21633394,16,245,20.638597,5.361712,11870.961965098693,45694.360308796895,3.8492550513716517
21633416,16,202,16.100409,3.726455,12546.265129041132,54207.01444133902,4.32056981769537
21633427,16,273,19.827081,3.57389,13769.046487478414,76387.3538357364,5.547759164383907
21633435,16,165,12.26256,3.206365,13455.591654597409,51460.14256018887,3.8244429439567864
21633484,16,152,16.781706,4.439358,9057.481998552472,34239.18503531366,3.7802101114620625
21633486,16,315,27.332668,5.344116,11524.670771254383,58943.33131990399,5.114534938987103
21633492,16,157,12.933664,4.086761,12138.864903247833,38416.73148980329,3.1647713189002245
21633508,16,256,21.499647,4.471019,11907.172243339623,57257.64081968786,4.808668225297186
21633509,16,89,7.255037,1.911232,12267.339229283049,46566.82181964303,3.796000171617051
21633666,16,230,18.420059,5.258796,12486.387801472298,43736.24685194101,3.502714119353555
21633673,16,163,19.038321,4.609213,8561.679362376546,35363.95475756925,4.130492776098653
21633675,16,230,16.224767,3.205758,14175.858426811306,71745.90221719793,5.061132811647043
21633709,16,232,11.947397,6.78698,19418.45575232831,34183.09763694603,1.7603406817170524
21633726,16,146,12.218469,3.033047,11949.12390414871,48136.41199757208,4.028446970983305
21633728,16,267,26.156195,4.946942,10207.906769314115,53972.73709697829,5.287346202967409
21633737,16,121,14.095314,6.275977,8584.413231234153,19279.866704419088,2.245915496503572
21633746,16,111,9.756224,2.181429,11377.352549510959,50884.076447136256,4.472400431093563
21633768,16,144,12.551802,4.225121,11472.456305477093,34081.86416436358,2.970755630430466
21633769,16,66,5.666178,3.12677,11648.063297693789,21108.044403649772,1.812150557923992
21633784,16,200,28.405489,4.923814,7040.892695070309,40618.91858628291,5.769001225472773
21633786,16,174,19.706151,5.132902,8829.730372004153,33898.95228858841,3.839183175521372
21633795,16,226,22.544478,4.228887,10024.627760287905,53441.95765930846,5.331066543040757
21633808,16,135,12.772777,3.374071,10569.35386877889,40011.01340191122,3.785568531308322
21633813,16,154,15.374761,6.209634,10016.415864936047,24800.17340796575,2.475952850039149
21633814,16,185,23.068376,4.690818,8019.636926327193,39438.75034162485,4.917772550544489
21633847,16,121,12.366906,2.515295,9784.177222661836,48105.68939229792,4.916682138675583
21633875,16,222,20.286,5.115379,10943.507837917774,43398.54388110832,3.965688563838574
21633882,16,141,18.556804,7.057446,7598.291171259879,19978.898882116846,2.6293936928458255
21633905,16,123,15.042604,2.750501,8176.775776321705,44719.12571564235,5.46904145826524
21633946,16,124,6.022502,2.308792,20589.44936838543,53707.73980505823,2.608507825737442
21633989,16,180,16.959026,3.1241,10613.8170906749,57616.59357895074,5.42845171409366
21634017,16,167,19.943548,5.233088,8373.635423345937,31912.324042706714,3.8110477026184153
21634069,16,53,8.214948,2.6661,6451.653741447907,19879.22433517122,3.0812602678069085
21634083,16,149,11.848658,3.003351,12575.263797807313,49611.25089941202,3.9451459386531913
21634092,16,179,15.480014,2.895547,11563.297035777874,61819.06216683756,5.346144959829697
21634098,16,212,21.798281,4.487965,9725.53753206503,47237.44503355084,4.857052361148092
21634102,16,144,14.438642,4.438339,9973.237095289156,32444.569916808967,3.253163401894267
21634122,16,220,28.31335,5.543613,7770.186148936808,39685.30992332979,5.107382135080497
21634175,16,161,18.239119,4.53445,8827.180742666354,35505.95992898808,4.022344275490964
21634192,16,180,23.104196,4.224639,7790.792633511246,42607.19081559395,5.468916042293792
21634221,16,250,25.94274,5.388323,9636.60738996729,46396.62470122894,4.81462228600624
21634230,16,95,11.152819,5.052328,8518.025801369144,18803.213093053342,2.207461392055306
21634260,16,67,57.420682,47.62829,1166.8269631489225,1406.7269683627105,1.2056003270325262
21634268,16,114,11.323895,3.478294,10067.207440549386,32774.68782109851,3.2555888030166513
21634286,16,236,24.568647,6.597152,9605.738565904749,35773.012354422026,3.7241292909425154
21634302,16,138,14.591774,4.1039,9457.383317477368,33626.5503545408,3.555587124442603
21634304,16,210,26.019578,8.314873,8070.845730088321,25255.947986216986,3.1292814694824562
21634340,16,224,21.289196,5.303973,10521.76888220673,42232.49251080275,4.0138205831741605
21634352,16,163,17.576285,8.295292,9273.85963529836,19649.700094945423,2.118826558486428
21634353,16,169,14.340377,3.423236,11784.90635218307,49368.49226871884,4.189128941153926
21634380,16,121,12.377432,4.137415,9775.856575095706,29245.3138010086,2.9915858090135994
21634401,16,84,6.370662,2.155126,13185.442894317734,38976.839405213424,2.9560508295106644
21634431,16,154,19.640575,5.026838,7840.9109712928475,30635.560565110714,3.907143019130515
21634433,16,277,28.296614,9.836557,9789.157105510927,28160.25973315663,2.876678699671033
21634458,16,176,38.851847,20.543449,4530.029164379238,8567.207969800982,1.891203711703911
21634472,16,122,13.33139,3.866983,9151.333806902356,31549.14309165569,3.4474912354153098
21634535,16,261,23.784739,6.007964,10973.422916265763,43442.33753730881,3.9588684286390525
21634556,16,124,12.115942,3.36112,10234.449785249879,36892.46441662303,3.6047335412005523
21634572,16,286,26.892989,7.471513,10634.742013987363,38278.72614288431,3.5994033604706304
21634577,16,120,18.627289,6.38635,6442.161282836165,18790.075708346707,2.916734754593782
21634596,16,193,25.085713,8.908204,7693.622262201597,21665.42212100217,2.81602363394462
21634625,16,76,8.471054,4.015983,8971.728901739973,18924.382897039155,2.1093351241775675
21634653,16,179,21.625715,6.600506,8277.182974065829,27119.132987683064,3.2763722963057678
21634669,16,222,21.33226,6.092098,10406.773590796285,36440.6481970579,3.5016278464331996
21634706,16,70,4.817861,2.070446,14529.269316819229,33809.14063926323,2.326967716134591
21634833,16,221,37.389915,14.554132,5910.684739454476,15184.691192851626,2.5690240407329
21634835,16,140,18.222752,6.833962,7682.703468718666,20485.920173392828,2.6664988772252465
21634843,16,97,3.262563,1.807878,29731.22664604484,53654.062940087766,1.8046367066804285
21634858,16,127,12.441586,3.9379,10207.701815508088,32250.69199319434,3.159446913329439
21634866,16,138,17.420549,3.854237,7921.67916177613,35804.7520170659,4.51984374598656
21634904,16,251,26.931225,6.920942,9320.036500381992,36266.73941206269,3.8912658132375624
21634921,16,196,14.403791,2.995874,13607.528740176804,65423.3121953727,4.807876098928059
21634944,16,152,16.010756,3.689134,9493.6179153564,41202.08157253166,4.339976807565136
21634982,16,116,14.02755,3.972534,8269.44120676811,29200.50526943256,3.5311340318295574
21634995,16,144,15.386323,3.075792,9358.961202101373,46817.21000639835,5.002393854981092
21634999,16,160,17.793277,3.183611,8992.160353598721,50257.396396733144,5.589023596161717
21635020,16,137,16.920129,3.70208,8096.864982530571,37006.22352839485,4.57043851024289
21635102,16,134,14.996295,4.122174,8935.54041181505,32507.118816430357,3.637957786352541
21635113,16,83,7.375761,2.124964,11253.076123263756,39059.48524304412,3.471005155852052
21635126,16,270,22.503685,4.270062,11998.034988491883,63230.932009886514,5.270107319284826
21635191,16,177,18.898403,3.801056,9365.870756380844,46566.00692018218,4.97188228744854
21635197,16,183,26.504138,5.851049,6904.582220331029,31276.442907929846,4.529809611917453
21635210,16,208,24.351598,6.633823,8541.5339067276,31354.469361030588,3.6708241989573738
21635218,16,159,13.687348,2.662763,11616.567358410117,59712.411506393924,5.1402802277183515
21635219,16,183,15.266129,3.927268,11987.321736898726,46597.27831153871,3.8872134522013773
21635250,16,240,38.349836,8.017745,6258.17539350103,29933.603525679602,4.783119942078478
21635266,16,186,26.411034,9.614105,7042.5110959305875,19346.57464215338,2.747113121814251
21635291,16,159,15.147901,3.121209,10496.503773030998,50941.79851461405,4.853215853215853
21635293,16,164,16.918783,3.695586,9693.368606950038,44377.26520232516,4.578105610314576
21635301,16,166,17.569107,3.244828,9448.402812960272,51158.33566524944,5.414495621955925
21635302,16,177,22.436385,5.699988,7888.971418523974,31052.696953046216,3.9362161815077505
21635310,16,268,30.376772,7.04374,8822.530583565627,38047.96883473836,4.312591322223705
21635313,16,188,19.502705,5.038962,9639.688443218518,37309.271234829714,3.870381439669519
21635314,16,144,18.724915,6.683709,7690.288580749232,21544.923634467028,2.801575442617265
21635336,16,211,25.035632,8.456207,8427.987757608837,24952.085491757716,2.960621943147797
21635377,16,186,48.171149,22.624934,3861.232373759655,8221.01845689362,2.1291177689181326
21635382,16,151,19.151956,4.00451,7884.31218200376,37707.484810875736,4.782596622308347
21635385,16,180,11.190266,3.031378,16085.408514864617,59378.93591627306,3.6914782650002733
21635386,16,101,17.01618,4.268986,5935.527245245408,23659.014107799838,3.9860004225827863
21635395,16,149,18.26051,3.966849,8159.684477596737,37561.298652910664,4.603278319895716
21635408,16,171,23.166197,5.623616,7381.444610869881,30407.481591915235,4.119448589661883
21635429,16,153,18.529469,4.436565,8257.117351824814,34486.139614769534,4.176534999487216
21635432,16,167,19.299253,3.239557,8653.184659530605,51550.2582606202,5.957374110102091
21635556,16,229,29.53464,7.430834,7753.607289609759,30817.53676639796,3.974606349704488
21635575,16,172,24.346493,4.547784,7064.672517721546,37820.61768984631,5.353484906055344
21635592,16,159,22.796851,5.234113,6974.647507236855,30377.63991721234,4.355437301410956
21635600,16,378,27.845954,5.796668,13574.683058084489,65209.875742409255,4.803786244097471
21635601,16,64,21.51693,16.645607,2974.402017388168,3844.8582860330657,1.2926491656327102
21635613,16,19,23.654679,17.918594,803.2237512079533,1060.3510520970563,1.32011914550885
21635652,16,157,12.283027,3.174174,12781.865577597444,49461.686725428415,3.8696766465858525
21635667,16,119,13.680358,3.225671,8698.602770483054,36891.549076145704,4.241089063329769
21635672,16,136,13.167439,2.77408,10328.50807207081,49025.262429345945,4.746596709539739
21635675,16,170,21.650167,6.184892,7852.133426961556,27486.332825213438,3.500492328726193
21635693,16,221,15.281291,3.630971,14462.128886885277,60865.26166141233,4.208596268050612
21635704,16,190,25.268569,5.918323,7519.222794136068,32103.68883212356,4.269548823205493
21635757,16,453,25.732326,7.687011,17604.31606532577,58930.57782797501,3.3475073731519314
21635787,16,185,20.127909,3.787899,9191.218024684034,48839.73939115061,5.313739621885378
21635834,16,123,13.937587,3.941531,8825.057020271872,31206.148067844704,3.536084582361524
21635867,16,118,11.432505,3.897263,10321.447486793139,30277.65896219988,2.9334702328274997
21635882,16,275,22.164273,3.827421,12407.354845340516,71849.94804595575,5.790915867368653
21635925,16,146,17.481022,4.656826,8351.91443612393,31351.826329779127,3.75384908089759
21635932,16,284,31.817517,6.970675,8925.900786035567,40742.10890623935,4.564481488521556
21635946,16,104,8.932665,3.457438,11642.662072293097,30080.07663477986,2.583608151469383
21635963,16,190,18.76753,3.531769,10123.868191498828,53797.40294453006,5.313917756229244
